<?xml version="1.0" encoding="UTF-8"?>
<!DOCTYPE mapper PUBLIC "-//mybatis.org//DTD Mapper 3.0//EN"
				"http://mybatis.org/dtd/mybatis-3-mapper.dtd">

<mapper namespace="MenuDao">
	<!-- 
	<select id="selectAllMenu" resultType="MenuVO" parameterType="MenuSearchVO">
		<if test="menuId != null and menuId != '' ">
		SELECT	*
		FROM		(
		</if>
		SELECT	LEVEL
				, MN_ID menuId
				, MN_NM menuName
				, PRNT_MN_ID parentMenuId
				, MN_URL menuUrl
				, AUTH auth
		FROM		MN
		<if test="auth == 'USR'" >
			WHERE	AUTH = 'USR'	
		</if>
		<if test="auth == 'ADM'" >
			WHERE	AUTH IN ('USR', 'ADM')
		</if>
		START	WITH PRNT_MN_ID IS NULL
		CONNECT	BY PRIOR MN_ID = PRNT_MN_ID
		<if test="menuId != null and menuId != '' ">
				)
		WHERE	menuId = #{menuId}
		</if>
	</select>
	 -->
	<select id="selectAllMenu" resultType="MenuVO" parameterType="MenuSearchVO">
		SELECT	/*[menuDao][selectAllMenu]*/
				LEVEL
				, MN_ID menuId
				, MN_NM menuName
				, PRNT_MN_ID parentMenuId
				, MN_URL menuUrl
				, AUTH auth
		FROM		MN
		<if test="auth == 'USR'" >
		WHERE	AUTH = 'USR'	
		</if>
		<if test="auth == 'ADM'" >
		WHERE	AUTH IN ('USR', 'ADM')
		</if>
		<if test="menuId == null or menuId == ''">
		START	WITH PRNT_MN_ID IS NULL
		CONNECT	BY PRIOR MN_ID = PRNT_MN_ID
		</if>
		<if test="menuId != null and menuId != ''">
		START	WITH MN_ID = #{menuId}
		CONNECT BY PRIOR PRNT_MN_ID = MN_ID
		ORDER	BY MN_ID
		</if>
	</select>

</mapper>
	
	
