<?xml version="1.0" encoding="UTF-8"?>
<beans xmlns="http://www.springframework.org/schema/beans"
	xmlns:xsi="http://www.w3.org/2001/XMLSchema-instance"
	xmlns:mvc="http://www.springframework.org/schema/mvc"
	xsi:schemaLocation="http://www.springframework.org/schema/beans http://www.springframework.org/schema/beans/spring-beans.xsd
		http://www.springframework.org/schema/mvc http://www.springframework.org/schema/mvc/spring-mvc-4.3.xsd">

	<mvc:annotation-driven />
	
	<!-- 
		http://localhost:8080/hello_spring/static/js/jquery-3.1.3.min.js
			-> /WEB-INF/resources/js/jquery-3.1.3.min.js
	 -->
	<mvc:resources location="/WEB-INF/resources/js/" mapping="/static/js/**" />
	<mvc:resources location="/WEB-INF/resources/css/" mapping="/static/css/**" />
	<mvc:resources location="/WEB-INF/resources/img/" mapping="/static/img/**" />
	
	<mvc:interceptors>
		<bean id="authInterceptor" class="com.naver.cafe.common.interceptor.AuthInterceptor">
			<property name="menuBiz" ref="menuBizImpl" />
		</bean>
	</mvc:interceptors>
	
	<bean id="validator" class="org.springframework.validation.beanvalidation.LocalValidatorFactoryBean">
	
	</bean>
	
	<bean id="viewResolver"
			class="org.springframework.web.servlet.view.InternalResourceViewResolver">
		<property name="prefix" value="/WEB-INF/view/" />
		<property name="suffix" value=".jsp" />
	</bean>
	
	<bean id="multipartResolver" class="org.springframework.web.multipart.commons.CommonsMultipartResolver">
		<property name="maxUploadSize" value="104857600" />
		<property name="defaultEncoding" value="UTF-8" />
	</bean>
	
	<bean id="clubController" class="com.naver.cafe.club.web.ClubController">
		<property name="clubService" ref="clubServiceImpl"></property>
	</bean>
	
	<bean id="memberController" class="com.naver.cafe.member.web.MemberController">
		<property name="memberService" ref="memberServiceImpl"></property>
	</bean>
	
</beans>
