<?xml version="1.0" encoding="UTF-8"?>
<beans xmlns="http://www.springframework.org/schema/beans"
	xmlns:xsi="http://www.w3.org/2001/XMLSchema-instance"
	xsi:schemaLocation="http://www.springframework.org/schema/beans http://www.springframework.org/schema/beans/spring-beans.xsd">

	<bean id="clubDaoImpl" class="com.naver.cafe.club.dao.ClubDaoImpl">
		<property name="sqlSessionTemplate" ref="sqlSessionTemplate"></property>
	</bean>
	
	<bean id="clubBizImpl" class="com.naver.cafe.club.biz.ClubBizImpl">
		<property name="clubDao" ref="clubDaoImpl"></property>
	</bean>

	<bean id="clubServiceImpl" class="com.naver.cafe.club.service.ClubServiceImpl">
		<property name="menuBiz" ref="menuBizImpl"></property>
		<property name="clubBiz" ref="clubBizImpl"></property>
		<property name="replyBiz" ref="replyBizImpl"></property>
	</bean>


</beans>
