<?xml version="1.0" encoding="UTF-8"?>
<beans xmlns="http://www.springframework.org/schema/beans"
	xmlns:xsi="http://www.w3.org/2001/XMLSchema-instance"
	xsi:schemaLocation="http://www.springframework.org/schema/beans http://www.springframework.org/schema/beans/spring-beans.xsd">

	<bean id="memberDaoImpl" class="com.naver.cafe.member.dao.MemberDaoImpl">
		<property name="sqlSessionTemplate" ref="sqlSessionTemplate"></property>
	</bean>

	<bean id="memberBizImpl" class="com.naver.cafe.member.biz.MemberBizImpl">
		<property name="memberDao" ref="memberDaoImpl"></property>
	</bean>
	
	<bean id="memberServiceImpl" class="com.naver.cafe.member.service.MemberServiceImpl">
		<property name="memberBiz" ref="memberBizImpl"></property>
	</bean>

</beans>
