<?xml version="1.0" encoding="UTF-8"?>
<!DOCTYPE mapper PUBLIC "-//mybatis.org//DTD Mapper 3.0//EN"
				"http://mybatis.org/dtd/mybatis-3-mapper.dtd">

<mapper namespace="ReplyDao">

	<resultMap type="ReplyVO" id="replyMap">
		<id column="RPLY_ID" property="replyId" />
		<result column="LEVEL" property="level" />
		<result column="R_AR_ID" property="articleId" />
		<result column="R_CONT" property="content" />
		<result column="R_CRT_DT" property="createDate" />
		<result column="R_MBR_ID" property="memberId" />
		<result column="RCMND_CNT" property="recommendCount" />
		<result column="PRNT_RPLY_ID" property="parentReplyId" />

		<association property="clubVO" javaType="ClubVO">
			<id column="AR_ID" property="articleId" />
			<result column="SBJ" property="subject" />
			<result column="CONT" property="content" />
			<result column="C_MBR_ID" property="memberId" />
			<result column="C_CRT_DT" property="createData" />
			<result column="C_MDFY_DT" property="modifyData" />
			<result column="C_RD_CNT" property="readCount" />
			<result column="C_MN_ID" property="menuId" />
		</association>

		<association property="memberVO" javaType="MemberVO">
			<id column="MBR_ID" property="memberId" />
			<result column="NCK_NM" property="nickName" />
			<result column="AUTH" property="auth" />
		</association>

		<association property="parentReplyVO" javaType="ReplyVO"
			column="PRNT_RPLY_ID" select="selectParentReply" />
	</resultMap>

	<resultMap type="ReplyVO" id="parentReplyMap">
		<id column="RPLY_ID" property="replyId" />
		<result column="R_AR_ID" property="articleId" />
		<result column="R_CONT" property="content" />
		<result column="R_CRT_DT" property="createDate" />
		<result column="R_MBR_ID" property="memberId" />
		<result column="RCMND_CNT" property="recommendCount" />
		<result column="PRNT_RPLY_ID" property="parentReplyId" />

		<association property="memberVO" javaType="MemberVO">
			<id column="MBR_ID" property="memberId" />
			<result column="NCK_NM" property="nickName" />
			<result column="AUTH" property="auth" />
		</association>
	</resultMap>

	<select id="selectAllReplies" resultMap="replyMap" parameterType="string">
		SELECT	/*[replyDao][selectAllReplies]*/
				LEVEL
				, R.RPLY_ID
				, R.AR_ID R_AR_ID
				, R.CONT R_CONT
				, R.CRT_DT R_CRT_DT
				, R.MBR_ID R_MBR_ID
				, R.RCMND_CNT
				, R.PRNT_RPLY_ID
				, C.AR_ID
				, C.SBJ
				, C.CONT
				, C.MBR_ID C_MBR_ID
				, C.CRT_DT C_CRT_DT
				, C.MDFY_DT C_MDFY_DT
				, C.RD_CNT C_RD_CNT
				, C.MN_ID C_MN_ID
				, M.MBR_ID
				, M.NCK_NM
				, M.AUTH
		FROM		CLB C
				, MBR M
				, RPLY R
		WHERE	C.MBR_ID = M.MBR_ID
		AND		C.MBR_ID = R.MBR_ID
		AND		R.AR_ID = C.AR_ID
		AND		C.AR_ID = #{articleId}
		START WITH R.PRNT_RPLY_ID IS NULL
		CONNECT BY PRIOR R.RPLY_ID = R.PRNT_RPLY_ID
		ORDER SIBLINGS BY R.CRT_DT
	</select>

	<select id="selectParentReply" resultMap="parentReplyMap"
		parameterType="string">
		SELECT	/*[replyDao][selectParentReply]*/
				R.RPLY_ID
				, R.AR_ID R_AR_ID
				, R.CONT R_CONT
				, R.CRT_DT R_CRT_DT
				, R.MBR_ID R_MBR_ID
				, R.RCMND_CNT
				, R.PRNT_RPLY_ID
				, M.MBR_ID
				, M.NCK_NM
				, M.AUTH
		FROM		MBR M
				, RPLY R
		WHERE	M.MBR_ID = R.MBR_ID
		AND		R.RPLY_ID = #{replyId}

	</select>

	<select id="selectRepliesCount" parameterType="string"
		resultType="_int">
		SELECT	/*[replyDao][selectRepliesCount]*/
				COUNT(1)
		FROM		RPLY R
				, MBR M
		WHERE	R.MBR_ID = M.MBR_ID
		AND		R.AR_ID = #{articleId}
	</select>

	<insert id="insertReply" parameterType="ReplyVO">
		INSERT INTO RPLY (	/*[replyDao][insertReply]*/
							RPLY_ID
							, AR_ID
							, CONT
							, CRT_DT
							, MBR_ID
							, RCMND_CNT
						)
		VALUES 			(
							'RP-' || TO_CHAR(SYSDATE, 'YYYYMMDDHH24') || '-' || LPAD(RPLY_ID_SEQ.NEXTVAL, '6', 0)
							, #{articleId}
							, #{content}
							, SYSDATE
							, #{memberId}
							, 0
						)
	</insert>

</mapper>
	
	
